id,query
1,Can u suggest some easy paleo dinner recipes I can whip up in less than 30 mins? I’m new to cooking so nothing too complicated please!
2,"I’m just starting out with cooking, any quick and easy paleo dinner ideas I can make in like 20-30 mins?"
3,Can u recomend some easy gluten free breakfast ideas I can make real quick? don’t have more than half an hour in the morning!
4,Can u suggest some easy gluten free breakfast ideas that I can whip up in like 20 minutes? I’m kinda new to cooking and super busy mornings!
5,Can you suggest some diabetic-friendly snack recipes that aren’t too basic but also not super hard? I’ve got about 30 to 60 mins to cook. Thanks!
6,"I’m lookin for a diabetic-friendly snack recipe that’s not too basic, maybe something I can whip up in about 45 mins. Got any ideas? I’m pretty comfy in the kitchen but nothing too fancy."
7,"Hey, got any keto-friendly main dishes for dinner that aren’t super easy but won’t take more than an hour? I’m looking for something a bit challenging to mix it up!"
8,Got any keto dinner ideas that are a bit challenging but won’t take more than an hour? I’m looking for something hearty for dinner.
9,I’m looking for a challenging vegan dessert recipe that I can whip up in under an hour for a quick snack—something a bit fancy with interesting flavors. Any ideas?
10,"I’m looking for a challenging vegan dessert recipe that I can whip up as a snack in like 30 to 60 mins. Something unique, maybe with nuts or fruit, but definitely not too basic. Got any ideas?"
11,i need some quick and easy pescatarian lunch ideas that won’t take me more than half an hour to make. any suggestions?
12,Got any quick and easy pescatarian lunch ideas? Need something healthy I can whip up in like 20 mins or less.
13,Can u suggest some decent vegetarian dinner ideas? I’m not a total newbie but don't wanna spend more than an hour cooking. Medium level stuffs would be great!
14,"I’m looking for a decent vegetarian dinner recipe that’s not too easy or crazy hard, something I can whip up in like half an hour to an hour. Got any ideas?"
15,Got any super challenging keto dinner recipes that take more than an hour? I’m looking to really push my cooking skills tonight!
16,Got any super challenging keto dinner recipes that take like over an hour? I wanna really push my skills tonight.
17,I’m looking for a super challenging raw vegan dessert recipe that’s perfect for a snack and takes more than an hour to prep. Got any ideas?
18,Got any really tough raw vegan dessert snacks that take like an hour or more? I wanna challenge myself in the kitchen!
19,Can u suggest some super easy gluten free breakfast ideas for kids that I can whip up in like 20 mins?
20,Can u suggest some easy gluten free brekky ideas for kids that i can whip up in like 20 mins or less?
21,Got any decent dairy free snacks that won’t take me all day but still fun enough to make? Like around 30 to 60 mins tops? I’m pretty comfy in the kitchen but nothing too basic pls!
22,Got any good dairy-free snack ideas that aren’t too easy but won’t take more than like an hour? I’m comfy in the kitchen but don’t wanna spend all day.
23,"Got any super easy seafood lunch ideas? I’m pescatarian and wanna keep it quick, like under 30 mins."
24,Any quick and easy pescatarian lunch ideas with fish or shrimp? I don’t wanna spend more than half an hour cooking.
25,Got any tough paleo dessert recipes for a snack that take like over an hour to make? I’m lookin for a real challenge!
26,Any super challenging paleo dessert snacks that take more than an hour? I’m ready to roll up my sleeves!
27,Can u suggest some easy halal dinner recipes I can whip up in less than half an hour?
28,Can u suggest some easy halal dinner recipes I can make in like less than half an hour? I’m not super good at cooking so simple ones pls!
29,Can you suggest some kosher lunch ideas that aren’t super easy but won’t take more than an hour to make? Something kinda filling would be great.
30,"Hey, can u suggest some kosher lunch ideas that aren’t too simple but don’t take forever to cook, like around 30-60 mins? I’m looking for something main dish-y with a bit of challenge."
31,Got any quick and easy breakfast ideas without any sugar? Need something I can whip up in like 20 mins or less.
32,Can u gimme some easy sugar free breakfast ideas I can make in like 20 minutes or less?
33,Can you suggest a dinner recipe that’s not too hard to make but low in salt? I’ve got about 45 minutes to cook.
34,Can u give me some decent dinner ideas that don’t use much salt but still a bit challenging to cook? Need something that takes like half an hour to an hour tops.
35,"Got any quick and easy snack ideas that are totally nut free? Need something simple for the kids, like under 30 mins to make. Thanks!"
36,Got any quick and easy snack ideas that don’t use nuts? Need something simple for the kids that I can whip up in like 20 minutes or less.
37,Looking for some Whole30 lunch ideas that are a bit challenging to make but won't take longer than an hour. Got any good recipes?
38,"Got any challenging Whole30 lunch ideas that can be whipped up in like 30-60 minutes? I’m looking for something that’s not too easy, I wanna flex those cooking skills!"
39,I'm lookin for a super challenging raw vegan dinner recipe that takes like an hour or more to prep. Got any ideas?
40,I'm lookin for some tough raw vegan dinner ideas that take over an hour to prep. Got any recipes that’ll seriously challenge me?
41,Can u help me find a diabetic friendly dessert thats not too hard to make and takes about 45 minutes? looking for a snack idea that’s tasty but won’t spike my sugar.
42,Can you suggest a diabetic-friendly dessert recipe that’s not too hard to make? I have about 45 mins and want something good for a snack.
43,Got any super easy keto breakfast ideas I can whip up in like 20 mins or less? Just getting started with low carb stuff.
44,Can you suggest some easy keto breakfast ideas that I can whip up in less than half an hour? I'm pretty new to cooking so nothing too complicated please!
45,Got any paleo snack recipes that aren't super quick but not too lengthy? Like something I can whip up in about half an hour to an hour.
46,Got any paleo snack recipes that aren’t super quick but don’t take forever? I’m thinking like 30 to 40 mins tops. Something tasty but kinda in the middle difficulty wise.
47,"I’m looking for a decent vegetarian dinner that’s not too easy or crazy hard to make, something low on carbs and I can pull off in like 30 to 60 mins. Got any ideas?"
48,"I’m lookin for a decent veg dinner recipe, nothing too easy but not super hard either, and preferably low on carbs. Got like half an hour to an hour to cook. Got anything?"
49,Can u recommend a really challenging gluten free dessert recipe that I can make as a snack? I’ve got over an hour to prep and I want something fancy!
50,"I’m lookin’ for a really challenging gluten-free dessert recipe that takes more than an hour to make—something perfect for a snack, any ideas?"
51,Got any quick and easy dairy free lunch ideas? Preferably something I can whip up in like 20 min or less.
52,Can u suggest some quick and easy lunch recipes without any dairy? Need something simple and under 30 mins.
53,Can you suggest some tasty halal snacks that aren’t too tricky to make and take like half an hour or so?
54,Can you suggest some halal snack recipes that aren’t too hard to make but take like 30-45 mins tops? Looking for something a bit more challenging than basic dips or chips.
55,Got any tricky kosher drink recipes that take like half an hour to an hour? Looking for something a bit fancy for a snack time treat.
56,Can you suggest some challenging kosher drink recipes that take about 30 to 60 minutes to make? Looking for something good to have as a snack.
57,Can you suggest some quick and easy low salt dinner ideas? I’m pretty new to cooking and want something healthy but not complicated. Under 30 mins would be ideal!
58,Can you suggest some quick and easy low-salt dinner ideas? I’m pretty new to cooking and need something ready in like 30 mins or less.
59,Can u suggest some paleo breakfast options without nuts that take like 30 to 45 mins? Not too simple but nothing crazy hard either.
60,"I’m looking for some nut-free paleo breakfast ideas that aren’t too basic but also not super hard, something I can make in like 30-45 minutes. Got any good recipes?"
61,"I’m lookin for a tough sugar free dessert recipe to make for a snack, nothing that takes more than an hour tho. Got any ideas?"
62,"I’m lookin for a challenging sugar free dessert I can whip up in about 45 mins, something that’s more like a snack than a full meal. Any ideas?"
63,"Hey, can you suggest some Whole30 dinner recipes that aren’t too hard to make? I’ve got about 30 to 60 mins and want something satisfying and not super basic."
64,Got any Whole30 dinner recipes that are kinda easy but not too basic? I only got like 45 mins tops to cook.
65,can u suggest some super easy raw vegan breakfast ideas i can make quick in like 20 mins or less? just starting out so nothing complicated please!
66,"Can u suggest some easy raw vegan breakfast ideas for a beginner? Something quick, like under 30 mins, and not too complicated please!"
67,Got any super quick and easy veg snack ideas? Something i can whip up in like 20 mins or less.
68,Got any quick and easy veg snack ideas? Something I can whip up in like 20 mins or less.
69,Can u recommend any tough dessert recipes that’d fit a pescatarian diet? I wanna make a snack and have like 30 to 60 mins tops.
70,"Hey, can you suggest any tricky dessert recipes that fit pescatarian diets and can be made in like half an hour to an hour? Something good for a snack!"
71,Can u suggest some easy diabetic friendly breakfast drinks I can make in like 20 mins or less?
72,Can u suggest some quick and easy diabetic friendly drinks I can have for breakfast? Something that doesn’t take more than 30 mins to make.
73,Got any super tricky keto snack recipes that take like an hour or more? I wanna really challenge myself in the kitchen today.
74,Got any keto snack recipes that are super challenging and take like more than an hour to make? I’m looking for something advanced to really test my skills.
75,Can you suggest a gluten free and dairy free lunch recipe that's not too hard to make but takes about 45 mins? Something a bit more advanced than a beginner level would be perfect!
76,Can you suggest some gluten free and dairy free lunch ideas that aren’t too hard to make and take like half an hour to an hour?
77,"I'm looking for some challenging halal main dishes to cook for dinner, something that takes more than an hour. Any tough recipes you can recommend?"
78,I’m lookin for some super challenging halal main dishes for dinner that take more than an hour to make. Got any recipes thatll really test my skills?
